72;10248;VINET;5;174.0;5
51;10249;TOMSP;6;1696.0;40
65;10250;HANAR;4;251.99998;15
65;10251;VICTE;3;336.0;20
60;10252;SUPRD;4;1088.0;40
49;10253;HANAR;3;640.0;40
74;10254;CHOPS;5;168.0;21
59;10255;RICSU;9;1320.0;30
77;10256;WELLI;3;124.799995;12
77;10257;HILAA;4;156.0;15
32;10258;ERNSH;1;153.6;6
37;10259;CENTC;4;20.8;1
70;10260;OTTIK;4;252.0;21
35;10261;QUEDE;4;288.0;20
56;10262;RATTC;8;60.8;2
74;10263;ERNSH;9;288.0;36
41;10264;FOLKO;6;192.5;25
70;10265;BLONP;2;240.0;20
12;10266;WARTH;3;364.8;12
76;10267;FRANK;4;216.0;15
72;10268;GROSR;8;111.2;4
72;10269;WHITC;5;556.0;20
43;10270;WARTH;1;920.0;25
33;10271;SPLIR;6;48.0;24
72;10272;RATTC;6;667.19995;24
76;10273;QUICK;3;475.19998;33
72;10274;VINET;6;194.59999;7
59;10275;MAGAA;1;264.0;6
13;10276;TORTU;8;48.0;10
62;10277;MORGK;2;472.80002;12
73;10278;BERGS;8;300.0;25
17;10279;LEHMS;8;468.0;15
75;10280;BERGS;2;186.0;30
35;10281;ROMEY;4;57.6;4
57;10282;ROMEY;4;31.2;2
72;10283;LILAS;3;83.399994;3
67;10284;LEHMS;4;56.0;5
53;10285;QUICK;1;943.2;36
62;10286;QUICK;8;1576.0;40
46;10287;RICAR;8;144.0;15
68;10288;REGGC;4;30.0;3
64;10289;BSBEV;7;239.40001;9
77;10290;COMMI;8;104.0;10
51;10291;QUEDE;6;84.8;2
20;10292;TRADH;1;1296.0;20
75;10293;TORTU;1;37.199997;6
75;10294;RATTC;4;37.199997;6
56;10295;VINET;2;121.6;4
69;10296;LILAS;6;432.0;15
72;10297;BLONP;5;556.0;20
62;10298;HUNGO;6;591.0;15
70;10299;RICAR;4;240.0;20
68;10300;MAGAA;2;200.0;20
56;10301;WANDK;8;608.0;20
43;10302;SUPRD;4;441.59998;12
68;10303;GODOS;7;150.0;15
71;10304;TORTU;1;34.4;2
39;10305;OLDWO;8;432.0;30
54;10306;ROMEY;1;29.5;5
68;10307;LONEP;2;30.0;3
70;10308;ANATR;7;60.0;5
71;10309;HUNGO;3;51.600002;3
62;10310;THEBI;8;197.0;5
69;10311;DUMON;1;201.59999;7
75;10312;WANDK;2;62.0;10
36;10313;QUICK;2;182.4;12
62;10314;RATTC;1;985.00006;25
70;10315;ISLAT;4;360.0;30
62;10316;RATTC;1;2758.0;70
1;10317;LONEP;6;288.0;20
76;10318;ISLAT;8;86.399994;6
76;10319;TORTU;7;432.0;30
71;10320;WARTH;5;516.0;30
35;10321;ISLAT;3;144.0;10
52;10322;PERIC;7;112.0;20
39;10323;KOENE;4;57.6;4
63;10324;SAVEA;9;2808.0;80
72;10325;KOENE;1;1112.0;40
75;10326;BOLID;4;310.0;50
58;10327;FOLKO;2;318.0;30
68;10328;FURIB;4;100.0;10
56;10329;SPLIR;4;364.8;12
72;10330;LILAS;3;695.0;25
54;10331;BONAP;9;88.5;15
47;10332;MEREP;3;121.6;16
71;10333;WARTH;5;688.0;40
68;10334;VICTE;8;100.0;10
51;10335;HUNGO;7;2035.2001;48
4;10336;PRINI;7;316.80002;18
72;10337;FRANK;4;695.0;25
30;10338;OLDWO;4;310.5;15
62;10339;MEREP;2;1103.2001;28
43;10340;BONAP;1;1472.0;40
59;10341;SIMOB;7;396.0;9
55;10342;FRANK;4;768.0;40
76;10343;LEHMS;4;216.0;15
8;10344;WHITC;4;2240.0;70
42;10345;QUICK;2;100.799995;9
56;10346;RATTC;3;608.0;20
75;10347;FAMIA;4;37.199997;6
23;10348;WANDK;4;180.0;25
54;10349;SPLIR;7;141.6;24
69;10350;LAMAI;6;518.39996;18
65;10351;ERNSH;1;168.0;10
54;10352;FURIB;3;118.0;20
38;10353;PICCO;7;10540.0;50
29;10354;PERIC;8;396.0;4
57;10355;AROUT;6;390.0;25
69;10356;WANDK;6;576.0;20
60;10357;LILAS;1;217.6;8
36;10358;LAMAI;5;304.0;20
60;10359;SEVES;5;2176.0;80
54;10360;BLONP;4;165.2;28
60;10361;QUICK;1;1496.0;55
54;10362;BONAP;3;141.6;24
76;10363;DRACD;4;172.79999;12
71;10364;EASTC;1;86.0;5
11;10365;ANTON;3;403.19998;24
77;10366;GALED;8;52.0;5
77;10367;VAFFE;7;72.799995;7
64;10368;ERNSH;2;931.0;35
56;10369;SPLIR;8;547.2;18
74;10370;CHOPS;6;160.0;20
36;10371;LAMAI;1;91.2;6
72;10372;QUEEN;5;1167.6;42
71;10373;HUNGO;4;860.00006;50
58;10374;WOLZA;1;159.0;15
54;10375;HUNGC;3;59.0;10
31;10376;MEREP;1;420.0;42
39;10377;SEVES;1;288.0;20
71;10378;FOLKO;5;103.200005;6
65;10379;QUEDE;2;336.0;20
70;10380;HUNGO;8;360.0;30
74;10381;LILAS;3;112.0;14
74;10382;ERNSH;4;400.0;50
56;10383;AROUT;8;608.0;20
60;10384;BERGS;3;408.0;15
68;10385;SPLIR;1;80.0;8
34;10386;FAMIA;9;112.0;10
71;10387;SANTG;1;258.0;15
53;10388;SEVES;2;1048.0;40
70;10389;BOTTM;4;360.0;30
72;10390;ERNSH;6;667.19995;24
13;10391;DRACD;3;86.4;18
69;10392;PICCO;2;1440.0;50
31;10393;SAVEA;1;320.0;32
62;10394;HUNGC;1;394.0;10
69;10395;HILAA;6;230.4;8
72;10396;FRANK;1;583.8;21
51;10397;PRINI;5;763.2;18
55;10398;SAVEA;2;2304.0;120
77;10399;VAFFE;8;145.59999;14
49;10400;EASTC;1;480.0;30
71;10401;RATTC;1;1032.0;60
63;10402;ERNSH;8;2281.5;65
48;10403;ERNSH;4;714.0;70
49;10404;MAGAA;2;480.0;30
3;10405;LINOD;1;400.0;50
40;10406;QUEEN;7;29.4;2
71;10407;OTTIK;2;258.0;15
62;10408;FOLIG;8;1379.0;35
21;10409;OCEAN;3;96.0;12
59;10410;BOTTM;3;704.0;16
59;10411;BOTTM;9;396.0;9
14;10412;WARTH;8;372.0;20
76;10413;LAMAI;3;201.59999;14
33;10414;FAMIA;2;100.0;50
33;10415;HUNGC;3;40.0;20
57;10416;WARTH;8;312.0;20
77;10417;SIMOB;4;364.0;35
74;10418;QUICK;4;120.0;15
69;10419;RICSU;4;576.0;20
73;10420;WELLI;3;240.0;20
77;10421;QUEDE;8;104.0;10
26;10422;FRANS;2;49.8;2
59;10423;GOURL;6;880.0;20
68;10424;MEREP;7;300.0;30
76;10425;LAMAI;6;288.0;20
64;10426;GALED;4;186.2;7
14;10427;PICCO;4;651.0;35
46;10428;REGGC;7;192.0;20
63;10429;HUNGO;3;1228.5;35
59;10430;ERNSH;4;3080.0;70
47;10431;BOTTM;4;228.0;30
54;10432;SPLIR;3;236.0;40
56;10433;PRINI;3;851.2;28
76;10434;FOLKO;3;259.19998;18
72;10435;CONSH;8;278.0;10
75;10436;BLONP;3;148.79999;24
53;10437;WARTH;8;393.0;15
57;10438;TOMSP;3;234.0;15
74;10439;MEREP;6;240.0;30
61;10440;SAVEA;4;2052.0;90
27;10441;OLDWO;3;1754.9999;50
66;10442;ERNSH;3;816.0;60
28;10443;REGGC;8;436.80002;12
41;10444;BERGS;3;231.0;30
54;10445;BERGS;3;88.5;15
52;10446;TOMSP;6;84.0;15
71;10447;RICAR;4;34.4;2
40;10448;RANCH;4;294.0;20
62;10449;BLONP;3;1379.0;35
54;10450;VICTE;8;35.4;6
77;10451;QUICK;4;572.0;55
44;10452;SAVEA;8;1550.0;100
70;10453;AROUT;1;300.0;25
46;10454;LAMAI;4;96.0;10
71;10455;WARTH;8;516.0;30
49;10456;KOENE;8;336.0;21
59;10457;KOENE;2;1584.0;36
71;10458;SUPRD;7;860.00006;50
72;10459;VICTE;4;1112.0;40
75;10460;FOLKO;8;24.8;4
55;10461;LILAS;1;1152.0;60
23;10462;CONSH;2;151.2;21
42;10463;SUPRD;5;560.0;50
60;10464;FURIB;4;544.0;20
50;10465;VAFFE;1;325.0;25
46;10466;COMMI;4;48.0;5
25;10467;MAGAA;8;134.4;12
43;10468;KOENE;3;552.0;15
44;10469;WHITC;1;31.0;2
64;10470;BONAP;4;212.8;8
56;10471;BSBEV;2;608.0;20
51;10472;SEVES;8;763.2;18
71;10473;ISLAT;1;206.40001;12
75;10474;PERIC;5;62.0;10
76;10475;SUPRD;9;604.8;42
70;10476;HILAA;8;144.0;12
39;10477;PRINI;5;288.0;20
10;10478;VICTE;2;496.0;20
64;10479;RATTC;3;798.0;30
59;10480;FOLIG;6;528.0;12
60;10481;RICAR;8;1088.0;40
40;10482;LAZYK;1;147.0;10
77;10483;WHITC;7;312.0;30
51;10484;BSBEV;3;127.200005;3
70;10485;LINOD;4;720.0;60
74;10486;HILAA;1;128.0;16
54;10487;QUEEN;2;141.6;24
73;10488;FRANK;8;240.0;20
16;10489;PICCO;6;250.2;18
75;10490;HILAA;7;223.2;36
77;10491;FURIB;8;72.799995;7
42;10492;BOTTM;3;224.0;20
69;10493;LAMAI;4;288.0;10
56;10494;COMMI;4;912.0;30
77;10495;LAUGB;3;52.0;5
31;10496;TRADH;7;200.0;20
77;10497;LEHMS;7;260.0;25
42;10498;HILAA;8;420.0;30
49;10499;LILAS;4;500.0;25
28;10500;LAMAI;6;364.8;8
54;10501;BLAUS;9;149.0;20
67;10502;PERIC;2;420.0;30
65;10503;HUNGO;6;421.0;20
61;10504;WHITC;4;712.5;25
62;10505;MEREP;3;147.9;3
70;10506;KOENE;9;210.0;14
48;10507;ANTON;7;191.25;15
39;10508;OTTIK;1;180.0;10
28;10509;BLAUS;4;136.79999;3
75;10510;SAVEA;6;279.0;36
8;10511;BONAP;4;400.0;10
60;10512;FAMIA;7;408.0;12
61;10513;WANDK;7;427.5;15
75;10514;ERNSH;3;387.5;50
60;10515;QUICK;2;2856.0;84
42;10516;HUNGO;2;280.0;20
70;10517;NORTS;3;90.0;6
44;10518;TORTU;4;175.05;9
60;10519;CHOPS;6;340.0;10
53;10520;SANTG;7;164.0;5
68;10521;CACTU;8;75.0;6
40;10522;LEHMS;4;460.0;25
41;10523;SEVES;7;57.899998;6
54;10524;BERGS;1;111.75;15
40;10525;BONAP;1;276.0;15
56;10526;WARTH;4;1140.0;30
36;10527;QUICK;7;570.0;30
72;10528;GREAL;6;313.19998;9
69;10529;MAISD;5;360.0;10
76;10530;PICCO;3;900.0;50
59;10531;OCEAN;7;110.0;2
66;10532;EASTC;7;408.0;24
73;10533;FOLKO;8;360.0;24
54;10534;LEHMS;8;74.5;10
59;10535;ANTON;4;825.0;15
60;10536;LEHMS;3;1190.0;35
73;10537;RICSU;1;135.0;9
72;10538;BSBEV;9;34.8;1
49;10539;BSBEV;6;120.0;6
68;10540;QUICK;3;437.5;35
71;10541;HANAR;2;193.5;9
54;10542;KOENE;1;178.79999;24
23;10543;LILAS;8;630.0;70
67;10544;LONEP;4;98.0;7
11;10545;LAZYK;8;210.0;10
62;10546;VICTE;1;1972.0;40
36;10547;SEVES;3;1140.0;60
41;10548;TOMSP;3;135.09999;14
51;10549;QUICK;5;2544.0;48
61;10550;GODOS;7;285.0;10
44;10551;FURIB;4;778.0;40
75;10552;HILAA;2;232.5;30
35;10553;WARTH;2;108.0;6
77;10554;OTTIK;4;130.0;10
56;10555;SAVEA;6;1520.0;40
72;10556;SIMOB;2;835.19995;24
75;10557;LEHMS;9;155.0;20
73;10558;AROUT;1;45.0;3
55;10559;BLONP;6;432.0;18
62;10560;FRANK;8;739.5;15
51;10561;FOLKO;2;2650.0;50
62;10562;REGGC;1;493.0;10
52;10563;RICAR;2;490.0;70
55;10564;RATTC;4;600.0;25
64;10565;MEREP;8;598.5;18
76;10566;BLONP;9;180.0;10
59;10567;HUNGO;1;2200.0;40
10;10568;GALED;3;155.0;5
76;10569;RATTC;5;540.0;30
56;10570;MEREP;3;2280.0;60
42;10571;ERNSH;8;392.0;28
75;10572;BERGS;3;116.25;15
53;10573;ANTON;7;820.0;25
64;10574;TRAIH;4;199.5;6
76;10575;MORGK;5;180.0;10
44;10576;TORTU;3;408.45;21
77;10577;TRAIH;9;234.0;18
57;10578;BSBEV;4;117.0;6
75;10579;LETSS;1;162.75;21
65;10580;OTTIK;4;631.5;30
75;10581;FAMIA;3;387.5;50
76;10582;BLAUS;3;252.0;14
69;10583;WARTH;2;360.0;10
31;10584;BLONP;4;625.0;50
47;10585;WELLI;7;142.5;15
52;10586;REGGC;9;28.0;4
77;10587;QUEDE;1;260.0;20
42;10588;QUICK;2;1400.0;100
35;10589;GREAL;8;72.0;4
77;10590;MEREP;4;780.0;60
54;10591;VAFFE;1;372.5;50
26;10592;LEHMS;3;156.15;5
76;10593;LEHMS;7;72.0;4
58;10594;OLDWO;3;397.5;30
69;10595;ERNSH;2;2340.0;65
75;10596;WHITC;8;232.5;30
65;10597;PICCO;7;252.59999;12
71;10598;RATTC;1;193.5;9
62;10599;BSBEV;6;493.0;10
73;10600;HUNGC;4;450.0;30
59;10601;HILAA;7;1925.0;35
77;10602;VAFFE;8;65.0;5
49;10603;SAVEA;8;500.0;25
76;10604;FURIB;1;180.0;10
71;10605;MEREP;1;322.5;15
62;10606;TRADH;4;493.0;10
72;10607;SAVEA;5;417.59998;12
56;10608;TOMSP;4;1064.0;28
21;10609;DUMON;7;60.0;6
36;10610;LAMAI;8;399.0;21
60;10611;WOLZA;6;510.0;15
76;10612;SAVEA;1;1440.0;80
75;10613;HILAA;4;310.0;40
39;10614;BLAUS;8;90.0;5
55;10615;WILMK;2;120.0;5
71;10616;GREAL;1;322.5;15
59;10617;GREAL;4;1650.0;30
68;10618;MEREP;1;187.5;15
22;10619;MEREP;3;840.0;40
52;10620;LAUGB;2;35.0;5
71;10621;ISLAT;4;322.5;15
68;10622;RICAR;4;225.0;18
35;10623;FRANK;8;540.0;30
44;10624;THECR;4;194.5;10
60;10625;ANATR;3;340.0;10
71;10626;BERGS;1;430.0;20
73;10627;SAVEA;8;525.0;35
1;10628;BLONP;4;450.0;25
64;10629;GODOS;4;299.25;9
76;10630;KOENE;1;630.0;35
75;10631;LAMAI;8;62.0;8
33;10632;WANDK;8;50.0;20
62;10633;ERNSH;7;3944.0;80
75;10634;FOLIG;4;15.5;2
22;10635;MAGAA;8;840.0;40
58;10636;WARTH;4;79.5;6
56;10637;QUEEN;6;2280.0;60
72;10638;LINOD;3;2088.0;60
18;10639;SANTG;7;500.0;8
70;10640;WANDK;4;225.0;15
40;10641;HILAA;4;1104.0;60
61;10642;SIMOB;7;570.0;20
46;10643;ALFKI;6;24.0;2
46;10644;WELLI;3;252.0;21
36;10645;HANAR;4;285.0;15
77;10646;HUNGO;9;455.0;35
39;10647;QUEDE;4;360.0;20
24;10648;RICAR;5;67.5;15
72;10649;MAISD;5;522.0;15
54;10650;FAMIA;5;223.5;30
22;10651;WANDK;8;420.0;20
42;10652;GOURL;4;280.0;20
60;10653;FRANK;1;680.0;20
54;10654;BERGS;5;44.699997;6
41;10655;REGGC;1;193.0;20
47;10656;GREAL;6;57.0;6
60;10657;SAVEA;2;1020.0;30
77;10658;QUICK;4;910.0;70
70;10659;QUEEN;7;600.0;40
20;10660;HUNGC;8;1701.0;21
58;10661;HUNGO;7;649.25;49
68;10662;LONEP;3;125.0;10
51;10663;BONAP;2;1060.0;20
65;10664;FURIB;1;315.75;15
76;10665;LONEP;1;180.0;10
65;10666;RICSU;7;210.5;10
71;10667;ERNSH;7;301.0;14
64;10668;WANDK;1;498.75;15
36;10669;SIMOB;2;570.0;30
75;10670;FRANK;4;193.75;25
65;10671;FRANR;1;252.59999;12
71;10672;BERGS;9;258.0;12
43;10673;WILMK;2;276.0;6
23;10674;ISLAT;4;45.0;5
58;10675;FRANK;5;397.5;30
44;10676;TORTU;2;408.45;21
33;10677;ANTON;1;20.0;8
54;10678;SAVEA;7;223.5;30
59;10679;BLONP;8;660.0;12
42;10680;OLDWO;1;560.0;40
64;10681;GREAL;3;931.0;28
75;10682;ANTON;3;232.5;30
52;10683;DUMON;2;63.0;9
60;10684;OTTIK;3;1020.0;30
47;10685;GOURL;4;142.5;15
26;10686;PICCO;2;468.44998;15
36;10687;HUNGO;9;114.0;6
34;10688;VAFFE;4;196.0;14
1;10689;BERGS;1;630.0;35
77;10690;HANAR;1;390.0;30
62;10691;QUICK;2;2366.4;48
63;10692;ALFKI;4;878.0;20
73;10693;WHITC;3;225.0;15
70;10694;QUICK;8;750.0;50
24;10695;WILMK;7;90.0;20
46;10696;WHITC;8;216.0;18
70;10697;LINOD;3;450.0;30
70;10698;ERNSH;4;120.0;8
47;10699;MORGK;3;114.0;12
71;10700;SAVEA;3;1290.0;60
76;10701;HUNGO;6;630.0;35
76;10702;ALFKI;4;270.0;15
73;10703;FOLKO;6;525.0;35
48;10704;QUEEN;6;306.0;24
32;10705;HILAA;9;128.0;4
59;10706;OLDWO;8;440.0;8
70;10707;AROUT;4;420.0;28
36;10708;THEBI;6;95.0;5
60;10709;GOURL;1;340.0;10
47;10710;FRANS;1;47.5;5
53;10711;SAVEA;5;3936.0;120
56;10712;HUNGO;3;1140.0;30
46;10713;SAVEA;1;288.0;24
58;10714;SAVEA;5;159.0;12
71;10715;BONAP;3;645.0;30
61;10716;RANCH;4;285.0;10
69;10717;FRANK;1;900.0;25
62;10718;KOENE;1;986.0;20
54;10719;LETSS;8;298.0;40
71;10720;QUEDE;8;172.0;8
44;10721;QUICK;5;972.50006;50
75;10722;SAVEA;8;325.5;42
26;10723;WHITC;3;468.44998;15
61;10724;MEREP;8;142.5;5
55;10725;FAMIA;4;144.0;6
11;10726;EASTC;4;105.0;5
59;10727;REGGC;2;550.0;10
60;10728;QUEEN;4;510.0;15
50;10729;LINOD;8;650.0;40
65;10730;BONAP;5;210.5;10
51;10731;CHOPS;7;1590.0;30
76;10732;BONAP;3;360.0;20
52;10733;BERGS;1;175.0;25
76;10734;GOURL;2;360.0;20
77;10735;LETSS;6;26.0;2
75;10736;HUNGO;9;155.0;20
41;10737;VINET;2;115.799995;12
16;10738;SPECD;2;52.350002;3
52;10739;VINET;3;126.0;18
56;10740;WHITC;4;532.0;14
2;10741;AROUT;4;285.0;15
72;10742;BOTTM;3;1218.0;35
46;10743;AROUT;1;336.0;28
40;10744;VAFFE;6;920.0;50
72;10745;QUICK;9;243.59999;7
69;10746;CHOPS;1;1440.0;40
69;10747;PICCO;6;1080.0;30
56;10748;SAVEA;3;1064.0;28
76;10749;ISLAT;4;180.0;10
59;10750;WARTH;9;1375.0;25
73;10751;RICSU;3;225.0;15
69;10752;NORTS;2;108.0;3
74;10753;FRANS;3;50.0;5
40;10754;MAGAA;6;55.199997;3
69;10755;BONAP;4;900.0;25
69;10756;SPLIR;8;720.0;20
64;10757;SAVEA;6;798.0;24
70;10758;RICSU;3;600.0;40
32;10759;ANATR;3;320.0;10
43;10760;MAISD;4;1380.0;30
75;10761;RATTC;5;139.5;18
56;10762;FOLKO;3;2280.0;60
24;10763;FOLIG;3;90.0;20
39;10764;ERNSH;6;2340.0;130
65;10765;QUICK;3;1684.0;80
68;10766;OTTIK;4;500.0;40
42;10767;SUPRD;4;28.0;2
71;10768;AROUT;3;258.0;12
62;10769;VAFFE;3;739.5;15
11;10770;HANAR;8;315.0;15
71;10771;ERNSH;9;344.0;16
59;10772;LEHMS;3;1375.0;25
75;10773;ERNSH;1;54.25;7
66;10774;FOLKO;4;850.0;50
67;10775;THECR;7;42.0;3
51;10776;ERNSH;1;6360.0;120
42;10777;GOURL;7;280.0;20
41;10778;BERGS;3;96.5;10
62;10779;MORGK;3;986.0;20
77;10780;LILAS;2;195.0;15
74;10781;WARTH;2;350.0;35
31;10782;CACTU;9;12.5;1
38;10783;HANAR;4;1317.5;5
72;10784;MAGAA;4;1044.0;30
75;10785;GROSR;1;77.5;10
75;10786;QUEEN;8;325.5;42
29;10787;LAMAI;2;2475.8;20
75;10788;QUICK;1;310.0;40
68;10789;FOLIG;1;225.0;18
56;10790;GOURL;6;760.0;20
41;10791;FRANK;6;193.0;20
68;10792;WOLZA;1;187.5;15
52;10793;AROUT;3;56.0;8
54;10794;QUEDE;6;44.699997;6
17;10795;ERNSH;8;1365.0;35
69;10796;HILAA;3;864.0;24
11;10797;DRACD;7;420.0;20
72;10798;ISLAT;2;348.0;10
59;10799;KOENE;9;1375.0;25
54;10800;SEVES;1;52.149998;7
29;10801;BOLID;4;2475.8;20
62;10802;SIMOB;4;246.5;5
59;10803;WELLI;4;825.0;15
49;10804;SEVES;6;80.0;4
38;10805;THEBI;2;2635.0;10
74;10806;VICTE;3;150.0;15
40;10807;FRANS;4;18.4;1
76;10808;OLDWO;2;900.0;50
52;10809;WELLI;7;140.0;20
70;10810;LAUGB;2;75.0;5
40;10811;LINOD;8;552.0;30
77;10812;REGGC;5;260.0;20
46;10813;RICAR;1;420.0;35
61;10814;VICTE;3;855.0;30
33;10815;SAVEA;2;40.0;16
62;10816;GREAL;4;986.0;20
62;10817;KOENE;3;1232.5;25
41;10818;MAGAA;7;193.0;20
75;10819;CACTU;2;155.0;20
56;10820;RATTC;3;1140.0;30
51;10821;SPLIR;1;318.0;6
70;10822;TRAIH;6;90.0;6
77;10823;LILAS;5;195.0;15
70;10824;FOLKO;8;135.0;9
53;10825;DRACD;1;656.0;20
57;10826;BLONP;6;292.5;15
39;10827;BONAP;1;378.0;21
38;10828;RANCH;9;527.0;2
60;10829;ISLAT;9;714.0;21
68;10830;TRADH;4;300.0;24
43;10831;SANTG;3;414.0;9
64;10832;LAMAI;2;99.75;3
53;10833;OTTIK;6;295.19998;9
30;10834;TRADH;1;517.8;20
77;10835;ALFKI;1;26.0;2
64;10836;ERNSH;7;997.5;30
76;10837;BERGS;9;378.0;21
36;10838;LINOD;3;950.0;50
72;10839;TRADH;3;522.0;15
39;10840;LINOD;4;180.0;10
77;10841;SUPRD;5;195.0;15
70;10842;TORTU;1;180.0;12
51;10843;VICTE;4;212.0;4
22;10844;PICCO;8;735.0;35
64;10845;QUICK;8;1596.0;48
74;10846;SUPRD;2;200.0;20
71;10847;SAVEA;4;1182.5;55
9;10848;CONSH;7;291.0;3
26;10849;KOENE;9;562.14;18
70;10850;VICTE;1;450.0;30
59;10851;RICAR;5;2310.0;42
62;10852;RATTC;8;2465.0;50
18;10853;BLAUS;9;625.0;10
13;10854;ERNSH;3;390.0;65
65;10855;OLDWO;3;315.75;15
42;10856;ANTON;3;280.0;20
29;10857;BERGS;8;1237.9;10
70;10858;LACOR;2;60.0;4
64;10859;FRANK;1;997.5;30
76;10860;FRANR;3;360.0;20
62;10861;WHITC;4;147.9;3
52;10862;LEHMS;8;56.0;8
58;10863;HILAA;4;159.0;12
67;10864;AROUT;4;210.0;15
39;10865;QUICK;2;1440.0;80
30;10866;BERGS;5;1035.6;40
53;10867;LONEP;6;98.399994;3
49;10868;QUEEN;7;840.0;42
68;10869;SEVES;5;250.0;20
51;10870;WOLZA;5;106.0;2
17;10871;BONAP;9;624.0;16
65;10872;GODOS;5;442.05;21
28;10873;WILMK;4;136.79999;3
10;10874;GODOS;5;310.0;10
49;10875;BERGS;4;300.0;15
64;10876;BONAP;7;665.0;20
18;10877;RICAR;1;1562.5;25
20;10878;QUICK;4;1620.0;20
76;10879;WILMK;3;180.0;10
70;10880;FOLKO;7;750.0;50
73;10881;CACTU;4;150.0;10
54;10882;SAVEA;4;238.4;32
24;10883;LONEP;8;36.0;8
65;10884;LETSS;4;252.59999;12
77;10885;SUPRD;6;325.0;25
77;10886;HANAR;1;520.0;40
25;10887;GALED;8;70.0;5
68;10888;GODOS;1;225.0;18
38;10889;RATTC;9;10540.0;40
41;10890;DUMON;7;135.09999;14
30;10891;LEHMS;7;388.34998;15
59;10892;MAISD;4;2200.0;40
36;10893;KOENE;9;380.0;20
75;10894;SAVEA;1;930.0;120
60;10895;ERNSH;3;3400.0;100
56;10896;MAISD;7;608.0;16
30;10897;HUNGO;3;932.04;36
13;10898;OCEAN;4;30.0;5
39;10899;LILAS;5;144.0;8
70;10900;WELLI;1;45.0;3
71;10901;HILAA;4;645.0;30
62;10902;FOLKO;1;295.8;6
68;10903;HANAR;3;250.0;20
62;10904;WHITC;3;1725.5;35
1;10905;WELLI;9;360.0;20
61;10906;WOLZA;4;427.5;15
75;10907;SPECD;6;108.5;14
52;10908;REGGC;4;98.0;14
41;10909;SANTG;1;48.25;5
61;10910;WILMK;1;142.5;5
67;10911;GODOS;3;210.0;15
29;10912;HUNGO;2;7427.4;60
58;10913;QUEEN;4;198.75;15
71;10914;QUEEN;6;537.5;25
54;10915;TORTU;2;74.5;10
57;10916;RANCH;1;390.0;20
60;10917;ROMEY;4;340.0;10
60;10918;BOTTM;3;850.0;25
40;10919;LINOD;2;368.0;20
50;10920;AROUT;4;390.0;24
63;10921;VAFFE;1;1756.0;40
24;10922;HANAR;5;157.5;35
67;10923;LAMAI;7;336.0;24
75;10924;BERGS;3;46.5;6
52;10925;HANAR;3;84.0;12
72;10926;ANATR;4;348.0;10
76;10927;LACOR;4;360.0;20
76;10928;GALED;1;90.0;5
77;10929;FRANK;6;195.0;15
58;10930;SUPRD;4;397.5;30
57;10931;RICSU;4;585.0;30
75;10932;BONAP;8;155.0;20
61;10933;ISLAT;6;855.0;30
6;10934;LEHMS;3;500.0;20
23;10935;WELLI;4;72.0;8
36;10936;GREAL;3;570.0;30
34;10937;CACTU;7;280.0;20
71;10938;QUICK;3;752.5;35
67;10939;MAGAA;2;560.0;40
13;10940;BONAP;8;120.0;20
72;10941;SAVEA;7;1740.0;50
49;10942;REGGC;9;560.0;28
46;10943;BSBEV;4;180.0;15
56;10944;BOTTM;6;684.0;18
31;10945;MORGK;4;125.0;10
77;10946;VAFFE;1;520.0;40
59;10947;BSBEV;3;220.0;4
55;10948;GODOS;3;96.0;4
62;10949;BOTTM;2;2958.0;60
4;10950;MAGAA;1;110.0;5
75;10951;RICSU;9;387.5;50
28;10952;ALFKI;1;91.2;2
31;10953;AROUT;9;625.0;50
60;10954;LINOD;5;816.0;24
75;10955;FOLKO;8;93.0;12
51;10956;BLAUS;6;424.0;8
64;10957;HILAA;8;266.0;8
72;10958;OCEAN;7;174.0;5
75;10959;GOURL;6;155.0;20
41;10960;HILAA;3;231.59999;24
76;10961;QUEEN;8;1080.0;60
76;10962;QUICK;8;792.0;44
60;10963;FURIB;9;68.0;2
69;10964;SPECD;3;360.0;10
51;10965;OLDWO;6;848.0;16
62;10966;CHOPS;4;591.6;12
49;10967;TOMSP;2;800.0;40
64;10968;ERNSH;1;133.0;4
46;10969;COMMI;1;108.0;9
52;10970;BOLID;9;280.0;40
29;10971;FRANR;2;1733.06;14
33;10972;LACOR;4;17.5;7
75;10973;LACOR;6;77.5;10
63;10974;SPLIR;3;439.0;10
75;10975;BOTTM;1;77.5;10
28;10976;HILAA;1;912.0;20
63;10977;FOLKO;8;878.0;20
44;10978;MAISD;9;116.700005;6
63;10979;ERNSH;8;1536.5;35
75;10980;FOLKO;4;310.0;40
38;10981;HANAR;1;15810.0;60
43;10982;BOTTM;2;414.0;9
57;10983;SAVEA;2;292.5;15
36;10984;SAVEA;1;760.0;40
32;10985;HUNGO;2;1120.0;35
77;10986;OCEAN;8;195.0;15
72;10987;EASTC;8;696.0;20
62;10988;RATTC;3;1972.0;40
41;10989;QUEDE;2;38.6;4
61;10990;ERNSH;2;1881.0;66
76;10991;QUICK;1;1620.0;90
72;10992;THEBI;1;69.6;2
41;10993;FOLKO;7;337.75;35
59;10994;VAFFE;2;990.0;18
60;10995;PERIC;1;136.0;4
42;10996;QUICK;4;560.0;40
52;10997;LILAS;8;140.0;20
75;10998;WOLZA;8;232.5;30
77;10999;OTTIK;6;273.0;21
77;11000;RATTC;2;390.0;30
55;11001;FOLKO;2;144.0;6
55;11002;SAVEA;4;960.0;40
52;11003;THECR;3;70.0;10
76;11004;MAISD;3;108.0;6
59;11005;WILMK;2;550.0;10
29;11006;GREAL;3;247.58;2
42;11007;PRINI;8;196.0;14
71;11008;ERNSH;7;451.5;21
60;11009;GODOS;2;306.0;9
24;11010;REGGC;2;45.0;10
71;11011;ALFKI;3;430.0;20
71;11012;FRANK;1;1290.0;60
68;11013;ROMEY;2;25.0;2
41;11014;LINOD;2;270.19998;28
77;11015;SANTG;2;234.0;18
36;11016;AROUT;9;304.0;16
70;11017;ERNSH;9;450.0;30
56;11018;LONEP;4;190.0;5
49;11019;RANCH;6;40.0;2
10;11020;OTTIK;2;744.0;24
72;11021;QUICK;3;1218.0;35
69;11022;HANAR;9;1080.0;30
43;11023;BSBEV;1;1380.0;30
71;11024;EASTC;4;1075.0;50
13;11025;WARTH;6;120.0;20
51;11026;FRANS;4;530.0;10
62;11027;BOTTM;1;1035.2999;21
59;11028;KOENE;2;1320.0;24
63;11029;CHOPS;4;526.80005;12
59;11030;SAVEA;7;5500.0;100
71;11031;SAVEA;6;344.0;16
59;11032;WHITC;2;1650.0;30
69;11033;RICSU;7;1296.0;36
61;11034;OLDWO;8;171.0;6
54;11035;SUPRD;2;74.5;10
59;11036;DRACD;8;1650.0;30
70;11037;GODOS;7;60.0;4
71;11038;SUPRD;1;645.0;30
57;11039;LINOD;1;546.0;28
21;11040;GREAL;4;200.0;20
63;11041;CHOPS;3;1317.0;30
61;11042;COMMI;2;114.0;4
11;11043;SPECD;5;210.0;10
62;11044;WOLZA;4;591.6;12
51;11045;BOTTM;6;1272.0;24
35;11046;WANDK;8;324.0;18
5;11047;EASTC;7;640.5;30
68;11048;BOTTM;7;525.0;42
12;11049;GOURL;3;152.0;4
76;11050;FOLKO;8;900.0;50
24;11051;LAMAI;7;45.0;10
61;11052;HANAR;3;285.0;10
64;11053;PICCO;2;831.25;25
67;11054;CACTU;8;280.0;20
57;11055;HILAA;7;390.0;20
60;11056;EASTC;8;1700.0;50
70;11057;NORTS;3;45.0;3
61;11058;BLAUS;9;114.0;4
60;11059;RICAR;2;1190.0;35
77;11060;FRANS;2;130.0;10
60;11061;GREAL;4;510.0;15
70;11062;REGGC;4;180.0;12
41;11063;HUNGO;3;289.5;30
68;11064;SAVEA;1;687.5;55
54;11065;LILAS;8;149.0;20
34;11066;WHITC;7;490.0;35
41;11067;DRACD;1;86.85;9
77;11068;QUEEN;8;364.0;28
39;11069;TORTU;1;360.0;20
31;11070;LEHMS;2;250.0;20
13;11071;LILAS;1;60.0;10
64;11072;ERNSH;4;4322.5;130
24;11073;PERIC;2;90.0;20
16;11074;SIMOB;7;244.30002;14
76;11075;RICSU;8;36.0;2
19;11076;BONAP;4;92.0;10
77;11077;RATTC;1;26.0;2
